{
    "gopro hero8 black 4000 3000 brown 0.4166": {
        "projection_type": "brown",
        "width": 4000,
        "height": 3000,
        "focal_x": 0.5986374009498658,
        "focal_y": 0.5986374009498658,
        "c_x": 0.0014303767098490562,
        "c_y": -0.003501471687803553,
        "k1": 0.30076504625297196,
        "k2": 0.19850808004848555,
        "p1": -0.0015195884547020196,
        "p2": 0.0009180944098524053,
        "k3": 0.08227085209084244
    },
    "gopro hero8 black 3000 4000 brown 0.4166": {
        "projection_type": "brown",
        "width": 3000,
        "height": 4000,
        "focal_x": 0.467817580634984,
        "focal_y": 0.467817580634984,
        "c_x": -0.029572149059285208,
        "c_y": -0.007084159888336172,
        "k1": 0.04443939084145368,
        "k2": 0.0810114613045144,
        "p1": 0.005654729362928302,
        "p2": -0.012773872982373783,
        "k3": -0.020560345334197337
    }
}