{"xMin": -21.39292335510254, "xMax": 32.60707473754883, "yMin": -17.008100509643555, "yMax": 18.59189796447754, "zMin": null, "zMax": null}