{"x": [-21.39292335510254, 32.60707473754883], "y": [-17.008100509643555, 18.59189796447754]}